{
    "correlaciones": {
        "Wins": {
            "Wins": 1.0,
            "WardsPlaced": 0.012024054,
            "WardsDestroyed": 0.0497151061,
            "FirstBlood": 0.2017410669,
            "Kills": 0.3382602218,
            "Deaths": -0.3382602218,
            "Assists": 0.2738701847,
            "EliteMonsters": 0.2217446203,
            "Dragons": 0.2114094808,
            "Heralds": 0.0945192451,
            "TowersDestroyed": 0.1097366885,
            "TotalGold": 0.4142876924,
            "AvgLevel": 0.3549598994,
            "TotalExperience": 0.3918552149,
            "TotalMinionsKilled": 0.2185366318,
            "TotalJungleMinionsKilled": 0.1211290568,
            "GoldDiff": 0.5110979875,
            "ExperienceDiff": 0.4895156633,
            "CSPerMin": 0.2185366318,
            "GoldPerMin": 0.4142876924
        },
        "WardsPlaced": {
            "Wins": 0.012024054,
            "WardsPlaced": 1.0,
            "WardsDestroyed": 0.0270252164,
            "FirstBlood": 0.0112581553,
            "Kills": 0.0131034179,
            "Deaths": -0.0188033783,
            "Assists": 0.0284514625,
            "EliteMonsters": 0.0237551204,
            "Dragons": 0.0182986748,
            "Heralds": 0.0157147898,
            "TowersDestroyed": 0.0019438783,
            "TotalGold": 0.0151915316,
            "AvgLevel": 0.0381142894,
            "TotalExperience": 0.03416362,
            "TotalMinionsKilled": -0.0277664895,
            "TotalJungleMinionsKilled": 0.0076110881,
            "GoldDiff": 0.0174260386,
            "ExperienceDiff": 0.0272732133,
            "CSPerMin": -0.0277664895,
            "GoldPerMin": 0.0151915316
        },
        "WardsDestroyed": {
            "Wins": 0.0497151061,
            "WardsPlaced": 0.0270252164,
            "WardsDestroyed": 1.0,
            "FirstBlood": 0.030617373,
            "Kills": 0.036329174,
            "Deaths": -0.0829119356,
            "Assists": 0.0617809621,
            "EliteMonsters": 0.0400706185,
            "Dragons": 0.0420104659,
            "Heralds": 0.0121873415,
            "TowersDestroyed": -0.002655797,
            "TotalGold": 0.0653864711,
            "AvgLevel": 0.0674641207,
            "TotalExperience": 0.0733002486,
            "TotalMinionsKilled": 0.1190810551,
            "TotalJungleMinionsKilled": -0.0173268534,
            "GoldDiff": 0.0891740341,
            "ExperienceDiff": 0.0814030104,
            "CSPerMin": 0.1190810551,
            "GoldPerMin": 0.0653864711
        },
        "FirstBlood": {
            "Wins": 0.2017410669,
            "WardsPlaced": 0.0112581553,
            "WardsDestroyed": 0.030617373,
            "FirstBlood": 1.0,
            "Kills": 0.2588498592,
            "Deaths": -0.2588498592,
            "Assists": 0.2152887268,
            "EliteMonsters": 0.1464015703,
            "Dragons": 0.134117759,
            "Heralds": 0.0694209145,
            "TowersDestroyed": 0.0768813925,
            "TotalGold": 0.3068411795,
            "AvgLevel": 0.1799338952,
            "TotalExperience": 0.1924778658,
            "TotalMinionsKilled": 0.1410306134,
            "TotalJungleMinionsKilled": 0.0209893412,
            "GoldDiff": 0.3785434909,
            "ExperienceDiff": 0.2404483253,
            "CSPerMin": 0.1410306134,
            "GoldPerMin": 0.3068411795
        },
        "Kills": {
            "Wins": 0.3382602218,
            "WardsPlaced": 0.0131034179,
            "WardsDestroyed": 0.036329174,
            "FirstBlood": 0.2588498592,
            "Kills": 1.0,
            "Deaths": 0.0039816237,
            "Assists": 0.8088045059,
            "EliteMonsters": 0.1708381798,
            "Dragons": 0.159914391,
            "Heralds": 0.0766257312,
            "TowersDestroyed": 0.1693251813,
            "TotalGold": 0.887280249,
            "AvgLevel": 0.4339136197,
            "TotalExperience": 0.4682177938,
            "TotalMinionsKilled": -0.0357505224,
            "TotalJungleMinionsKilled": -0.1066315422,
            "GoldDiff": 0.6471258148,
            "ExperienceDiff": 0.5804194218,
            "CSPerMin": -0.0357505224,
            "GoldPerMin": 0.887280249
        },
        "Deaths": {
            "Wins": -0.3382602218,
            "WardsPlaced": -0.0188033783,
            "WardsDestroyed": -0.0829119356,
            "FirstBlood": -0.2588498592,
            "Kills": 0.0039816237,
            "Deaths": 1.0,
            "Assists": -0.0233010802,
            "EliteMonsters": -0.2145964135,
            "Dragons": -0.1979525831,
            "Heralds": -0.1000075562,
            "TowersDestroyed": -0.0766334545,
            "TotalGold": -0.1618190122,
            "AvgLevel": -0.4132574617,
            "TotalExperience": -0.4610287832,
            "TotalMinionsKilled": -0.4701929882,
            "TotalJungleMinionsKilled": -0.2206408401,
            "GoldDiff": -0.6471258148,
            "ExperienceDiff": -0.5804194218,
            "CSPerMin": -0.4701929882,
            "GoldPerMin": -0.1618190122
        },
        "Assists": {
            "Wins": 0.2738701847,
            "WardsPlaced": 0.0284514625,
            "WardsDestroyed": 0.0617809621,
            "FirstBlood": 0.2152887268,
            "Kills": 0.8088045059,
            "Deaths": -0.0233010802,
            "Assists": 1.0,
            "EliteMonsters": 0.1393821281,
            "Dragons": 0.1564889343,
            "Heralds": 0.029080273,
            "TowersDestroyed": 0.1157720545,
            "TotalGold": 0.7422806224,
            "AvgLevel": 0.2848503365,
            "TotalExperience": 0.2914197802,
            "TotalMinionsKilled": -0.0701015713,
            "TotalJungleMinionsKilled": -0.1320138881,
            "GoldDiff": 0.5389032173,
            "ExperienceDiff": 0.4299599703,
            "CSPerMin": -0.0701015713,
            "GoldPerMin": 0.7422806224
        },
        "EliteMonsters": {
            "Wins": 0.2217446203,
            "WardsPlaced": 0.0237551204,
            "WardsDestroyed": 0.0400706185,
            "FirstBlood": 0.1464015703,
            "Kills": 0.1708381798,
            "Deaths": -0.2145964135,
            "Assists": 0.1393821281,
            "EliteMonsters": 1.0,
            "Dragons": 0.7960179698,
            "Heralds": 0.6284890419,
            "TowersDestroyed": 0.1623589086,
            "TotalGold": 0.234043422,
            "AvgLevel": 0.2132647137,
            "TotalExperience": 0.2386839448,
            "TotalMinionsKilled": 0.1244839924,
            "TotalJungleMinionsKilled": 0.2082788805,
            "GoldDiff": 0.2812179143,
            "ExperienceDiff": 0.2668763643,
            "CSPerMin": 0.1244839924,
            "GoldPerMin": 0.234043422
        },
        "Dragons": {
            "Wins": 0.2114094808,
            "WardsPlaced": 0.0182986748,
            "WardsDestroyed": 0.0420104659,
            "FirstBlood": 0.134117759,
            "Kills": 0.159914391,
            "Deaths": -0.1979525831,
            "Assists": 0.1564889343,
            "EliteMonsters": 0.7960179698,
            "Dragons": 1.0,
            "Heralds": 0.0294960792,
            "TowersDestroyed": 0.0325620001,
            "TotalGold": 0.1817324559,
            "AvgLevel": 0.1768060817,
            "TotalExperience": 0.1925941214,
            "TotalMinionsKilled": 0.0956600093,
            "TotalJungleMinionsKilled": 0.1891006097,
            "GoldDiff": 0.2335724998,
            "ExperienceDiff": 0.2158021076,
            "CSPerMin": 0.0956600093,
            "GoldPerMin": 0.1817324559
        },
        "Heralds": {
            "Wins": 0.0945192451,
            "WardsPlaced": 0.0157147898,
            "WardsDestroyed": 0.0121873415,
            "FirstBlood": 0.0694209145,
            "Kills": 0.0766257312,
            "Deaths": -0.1000075562,
            "Assists": 0.029080273,
            "EliteMonsters": 0.6284890419,
            "Dragons": 0.0294960792,
            "Heralds": 1.0,